Jessica Barbosa,feminino,12345,historia,df
ammy white,feminino,23/07/1999,contabilidade,df
debora denielle carneiro ,feminino,1234567,saude,parana
gustavo,masculino,23/07/1999,engenharia,df
gustavo,masculino,23/07/1999,engenharia,d
art,masculino,12,engenharia,df

asdf,feminino,12345,123456,df

asdfasdf,asdfasdfa,asdfasdfasd,asdfasdfasd,asdfasdfasdfasd

amanda,feminino,afd,asdfg,df

asdfgh,asfdghj,asdfghjk,asdfghj,asdfghjk

asdfgh,sadfghjk,sadfghjk,letras
,df

asdfghjk,dasfghjk,asdfghjk,adsfghjkjhgf
,fdsghjkhgfds

